Name,GALEX_FUV,GALEX_FUV_err,Swift_UVW2,Swift_UVW2_err,Swift_UVM2,Swift_UVM2_err,GALEX_NUV,GALEX_NUV_err,Swift_UVM1,Swift_UVM2_err,Swift_U,Swift_U_err,SDSS_u,SDSS_u_err,SDSS_g,SDSS_g_err,Swift_V,Swift_V_err,SDSS_r,SDSS_r_err,SDSS_i,SDSS_i_err,SDSS_z,SDSS_z_err,2MASS_J,2MASS_J_err,2MASS_H,2MASS_H_err,2MASS_Ks,2MASS_Ks_err,WISE_W1,WISE_W1_err,IRAC_I1,IRAC_I1_err,IRAC_I2,IRAC_I2_err,WISE_W2,WISE_W2_err,IRAC_I3,IRAC_I3_err,IRAC_I4,IRAC_I4_err,WISE_W3,WISE_W3_err,IRS_PB,IRS_PB_err,WISE_W4,WISE_W4_err,WISE_W4',WISE_W4'_err,IRS_PR,IRS_PR_err,MIPS_M1,MIPSM1_err
Arp 256 N      ,16.26,0.10,0.00,0.00,0.00,0.00,15.91,0.10,0.00,0.00,0.00,0.00,15.31,0.05,14.43,0.05,0.00,0.00,14.03,0.05,13.77,0.05,13.62,0.05,13.33,0.05,13.28,0.05,13.34,0.05,13.83,0.10,13.85,0.10,14.22,0.10,14.34,0.10,13.12,0.10,11.98,0.10,12.06,0.10,0.00,0.00,0.00,0.00,0.00,0.00,0.00,0.00,11.23,0.10
Arp 256 S      ,16.37,0.10,0.00,0.00,0.00,0.00,16.00,0.10,0.00,0.00,0.00,0.00,15.26,0.05,14.48,0.05,0.00,0.00,14.05,0.05,13.80,0.05,13.58,0.05,13.25,0.05,13.03,0.05,13.15,0.05,13.28,0.10,13.16,0.10,13.40,0.10,13.49,0.10,11.92,0.10,0.00,0.00,10.53,0.10,0.00,0.00, 8.95,0.10, 9.12,0.10,0.00,0.00, 8.90,0.10
NGC 0337       ,15.32,0.10,14.77,0.10,14.95,0.10,14.63,0.10,14.31,0.10,0.00,0.00,13.37,0.05,12.36,0.05,0.00,0.00,11.88,0.05,11.65,0.05,11.51,0.05,11.27,0.05,11.12,0.05,11.34,0.05,11.89,0.10,11.85,0.10,12.24,0.10,12.36,0.10,11.24,0.10,10.31,0.10,10.46,0.10,10.31,0.10, 9.63,0.10, 9.79,0.10,0.00,0.00, 9.55,0.10
CGCG 436-030   ,17.48,0.10,0.00,0.00,0.00,0.00,16.98,0.10,0.00,0.00,0.00,0.00,15.85,0.05,14.79,0.05,0.00,0.00,14.34,0.05,14.03,0.05,13.87,0.05,13.46,0.05,13.15,0.05,13.17,0.07,13.39,0.10,13.21,0.10,12.94,0.10,12.96,0.10,11.74,0.10,10.62,0.10,10.54,0.10,0.00,0.00, 8.79,0.10, 8.99,0.10,0.00,0.00, 8.70,0.10
NGC 0474       ,19.16,0.12,0.00,0.00,0.00,0.00,17.14,0.10,0.00,0.00,0.00,0.00,14.05,0.05,12.41,0.05,0.00,0.00,11.66,0.05,11.25,0.05,10.99,0.05,10.67,0.05,10.59,0.05,10.74,0.05,11.44,0.10,11.52,0.10,12.02,0.10,12.12,0.10,12.30,0.10,12.91,0.10,13.32,0.10,0.00,0.00,14.08,0.10,14.15,0.10,0.00,0.00,0.00,0.00,
NGC 0520       ,16.37,0.10,15.58,0.10,0.00,0.00,15.53,0.10,0.00,0.00,13.60,0.10,13.52,0.05,12.12,0.05,0.00,0.00,11.46,0.05,11.07,0.05,10.83,0.05,10.43,0.05,10.16,0.05,10.30,0.05,10.90,0.10,10.87,0.10,11.15,0.10,11.26,0.10,10.06,0.10, 9.03,0.10, 9.23,0.10,0.00,0.00, 8.07,0.10, 8.29,0.10,0.00,0.00, 7.95,0.10
     NGC 0584  ,18.47,0.10,0.00,0.00,0.00,0.00,16.61,0.10,0.00,0.00,0.00,0.00,13.08,0.05,11.35,0.05,0.00,0.00,10.56,0.05,10.14,0.05, 9.86,0.05, 9.44,0.05, 9.21,0.05, 9.46,0.05,10.24,0.10,10.30,0.10,10.83,0.10,10.93,0.10,11.21,0.10,11.75,0.10,12.03,0.10,0.00,0.00,12.55,0.18,12.63,0.10,0.00,0.00,12.63,0.10
     NGC 0628  ,14.63,0.10,14.16,0.10,14.22,0.10,14.11,0.10,13.64,0.10,12.64,0.10,12.57,0.05,11.30,0.05,10.89,0.10,10.66,0.05,10.29,0.05,10.09,0.05, 9.78,0.05, 9.63,0.05, 9.86,0.05,10.47,0.10,10.56,0.10,11.00,0.10,11.02,0.10,10.40,0.10, 9.53,0.10, 9.54,0.10,0.00,0.00, 9.33,0.10, 9.46,0.10,0.00,0.00, 9.41,0.10
NGC 0660       ,16.52,0.10,0.00,0.00,0.00,0.00,16.09,0.10,0.00,0.00,0.00,0.00,13.83,0.05,12.25,0.05,0.00,0.00,11.24,0.05,10.64,0.05,10.20,0.05, 9.53,0.05, 9.17,0.05, 9.24,0.05, 9.68,0.10, 9.73,0.10,10.00,0.10, 9.76,0.10, 8.86,0.10,0.00,0.00, 7.96,0.10,0.00,0.00, 6.93,0.10, 7.12,0.10,0.00,0.00, 6.84,0.10
III Zw 035     ,19.65,0.10,0.00,0.00,0.00,0.00,18.72,0.10,0.00,0.00,0.00,0.00,16.90,0.05,15.48,0.05,0.00,0.00,14.77,0.05,14.39,0.05,14.13,0.05,13.69,0.05,13.45,0.05,13.45,0.05,14.07,0.10,13.99,0.10,14.06,0.10,14.15,0.10,13.10,0.10,11.92,0.10,11.75,0.10,0.00,0.00, 9.39,0.10, 9.66,0.10, 9.64,0.10, 9.22,0.10
NGC 0695       ,17.59,0.10,0.00,0.00,0.00,0.00,16.70,0.10,0.00,0.00,0.00,0.00,15.04,0.05,13.90,0.12,0.00,0.00,13.27,0.05,12.90,0.05,12.67,0.05,12.23,0.05,11.98,0.05,12.04,0.05,12.37,0.10,12.27,0.10,12.53,0.10,12.65,0.10,11.16,0.10, 9.84,0.10,10.00,0.10,0.00,0.00, 9.31,0.10, 9.48,0.10,0.00,0.00, 9.27,0.10
NGC 0750       ,19.32,0.11,0.00,0.00,0.00,0.00,18.39,0.10,0.00,0.00,0.00,0.00,14.94,0.05,13.10,0.05,0.00,0.00,12.23,0.05,11.76,0.05,11.46,0.05,11.03,0.05,10.78,0.05,10.99,0.05,11.76,0.10,11.81,0.10,12.32,0.10,12.43,0.10,0.00,0.00,0.00,0.00,13.69,0.10,0.00,0.00,15.00,1.55,15.05,0.10,0.00,0.00,0.00,0.00,
     NGC 0855  ,16.58,0.10,0.00,0.00,0.00,0.00,15.97,0.10,0.00,0.00,0.00,0.00,14.29,0.05,13.14,0.05,0.00,0.00,12.53,0.05,12.22,0.05,12.02,0.05,11.80,0.05,11.64,0.05,11.86,0.05,12.55,0.10,12.62,0.10,13.04,0.10,13.14,0.10,12.81,0.10,12.31,0.10,12.43,0.10,0.00,0.00,11.61,0.10,11.81,0.10,0.00,0.00,11.67,0.10
NGC 1068       ,13.00,0.10,0.00,0.00,0.00,0.00,12.29,0.10,0.00,0.00,0.00,0.00,10.82,0.05, 9.60,0.05,0.00,0.00, 8.95,0.05, 8.62,0.05, 8.36,0.05, 7.89,0.05, 7.65,0.05, 7.64,0.05, 8.13,0.10,0.00,0.00,0.00,0.00, 7.71,0.10,0.00,0.00,0.00,0.00,0.00,0.00,0.00,0.00, 4.53,0.10,0.00,0.00,0.00,0.00,0.00,0.00,
Arp 118        ,17.14,0.10,16.49,0.10,16.59,0.10,16.49,0.10,15.94,0.10,14.51,0.10,14.59,0.05,13.07,0.05,0.00,0.00,12.26,0.05,11.82,0.05,11.52,0.05,11.03,0.05,10.77,0.05,10.93,0.05,11.54,0.10,11.55,0.10,11.84,0.10,11.85,0.10,11.22,0.10,10.22,0.10,10.29,0.10,0.00,0.00, 9.61,0.10, 9.77,0.10,0.00,0.00, 9.50,0.10
NGC 1144       ,17.25,0.10,16.64,0.10,16.73,0.10,16.63,0.10,16.15,0.10,14.92,0.10,14.96,0.05,13.58,0.05,0.00,0.00,12.80,0.05,12.36,0.05,12.07,0.05,11.56,0.05,11.27,0.05,11.40,0.05,11.89,0.10,11.90,0.10,12.12,0.10,12.09,0.10,11.27,0.10,10.23,0.10,10.31,0.10,0.00,0.00, 9.59,0.10, 9.75,0.10,0.00,0.00, 9.50,0.10
NGC 1275       ,16.21,0.10,0.00,0.00,0.00,0.00,15.56,0.10,0.00,0.00,0.00,0.00,14.13,0.07,12.77,0.08,0.00,0.00,12.02,0.06,11.66,0.05,11.36,0.05,10.90,0.05,10.62,0.05,10.73,0.05,11.14,0.10,11.22,0.10,11.28,0.10,11.15,0.10,10.83,0.10,10.28,0.10, 9.12,0.10,0.00,0.00, 7.69,0.10, 7.80,0.10,0.00,0.00, 7.71,0.10
NGC 1614       ,0.00,0.00,15.89,0.10,16.00,0.10,0.00,0.00,15.46,0.10,0.00,0.00,14.50,0.05,13.32,0.05,0.00,0.00,12.65,0.05,12.34,0.05,12.04,0.05,11.51,0.05,11.24,0.05,11.28,0.05,11.57,0.10,11.46,0.10,11.68,0.10,11.75,0.10,10.25,0.10,0.00,0.00, 8.69,0.10,0.00,0.00, 6.90,0.10, 7.06,0.10,0.00,0.00, 6.98,0.10
NGC 2388       ,20.18,0.13,0.00,0.00,0.00,0.00,18.70,0.10,0.00,0.00,0.00,0.00,15.95,0.16,14.15,0.15,0.00,0.00,13.18,0.09,12.67,0.07,12.33,0.05,11.71,0.05,11.39,0.05,11.44,0.05,11.97,0.10,11.92,0.10,12.20,0.10,12.28,0.10,10.99,0.10,0.00,0.00, 9.83,0.10,0.00,0.00, 8.43,0.10, 8.60,0.10,0.00,0.00, 8.33,0.10
     NGC 2403  ,12.54,0.10,0.00,0.00,0.00,0.00,12.17,0.10,0.00,0.00,0.00,0.00,11.03,0.05,10.04,0.05,0.00,0.00, 9.56,0.05, 9.27,0.05, 9.16,0.05, 8.96,0.05, 8.85,0.05, 9.12,0.05, 9.62,0.10, 9.71,0.10,10.12,0.10,10.16,0.10, 9.39,0.10, 8.61,0.10, 8.67,0.10,0.00,0.00, 8.38,0.10, 8.51,0.10,0.00,0.00, 8.40,0.10
NGC 2537       ,14.51,0.10,0.00,0.00,0.00,0.00,14.24,0.10,0.00,0.00,0.00,0.00,13.21,0.05,12.22,0.05,0.00,0.00,11.73,0.05,11.48,0.05,11.32,0.05,11.07,0.05,10.92,0.05,11.16,0.05,11.85,0.10,11.92,0.10,12.35,0.10,12.45,0.10,11.88,0.10,11.15,0.10,11.21,0.10,0.00,0.00,10.37,0.10,10.52,0.10,0.00,0.00,10.30,0.10
NGC 2623       ,17.52,0.10,0.00,0.00,0.00,0.00,16.79,0.10,0.00,0.00,0.00,0.00,15.33,0.05,13.94,0.05,0.00,0.00,13.40,0.05,13.08,0.05,12.88,0.05,12.56,0.05,12.26,0.05,12.31,0.05,12.91,0.10,12.78,0.10,12.85,0.10,12.92,0.10,11.89,0.10,10.77,0.10,10.65,0.10,0.00,0.00, 8.78,0.10, 9.02,0.10,0.00,0.00, 8.54,0.10
IRAS 08572+3915,19.16,0.10,18.84,0.10,0.00,0.00,18.60,0.10,0.00,0.00,0.00,0.00,17.69,0.05,16.50,0.05,0.00,0.00,16.08,0.05,15.79,0.05,15.60,0.06,15.20,0.17,14.97,0.15,14.80,0.14,12.95,0.10,12.30,0.10,11.22,0.10,11.29,0.10,10.38,0.10,0.00,0.00,10.12,0.10,0.00,0.00, 8.63,0.10, 8.86,0.10,0.00,0.00, 8.50,0.10
UGC 04881      ,18.17,0.10,0.00,0.00,0.00,0.00,17.28,0.10,0.00,0.00,0.00,0.00,15.76,0.05,14.38,0.05,0.00,0.00,13.76,0.05,13.39,0.05,13.15,0.05,12.70,0.05,12.53,0.05,12.52,0.05,13.13,0.10,13.06,0.10,13.31,0.10,13.41,0.10,12.44,0.10,11.11,0.10,11.14,0.10,0.00,0.00, 9.94,0.10,10.16,0.10,0.00,0.00, 9.81,0.10
     NGC 2798  ,16.75,0.10,15.92,0.10,15.82,0.10,15.90,0.10,15.00,0.10,0.00,0.00,14.21,0.05,12.92,0.05,0.00,0.00,12.19,0.05,11.85,0.05,11.59,0.05,11.12,0.05,10.86,0.05,10.97,0.05,11.47,0.10,11.43,0.10,11.75,0.10,11.83,0.10,10.61,0.10, 9.47,0.10, 9.41,0.10,0.00,0.00, 7.94,0.10, 8.12,0.10,0.00,0.00, 7.88,0.10
UGCA 166       ,16.21,0.10,15.91,0.10,16.15,0.10,16.26,0.10,16.08,0.10,0.00,0.00,16.30,0.05,16.06,0.05,0.00,0.00,16.03,0.05,16.69,0.05,16.68,0.10,16.65,0.34,17.87,2.04,0.00,0.00,17.74,0.13,17.55,0.13,17.59,0.16,17.81,0.15,17.43,0.36,17.12,0.19,16.44,0.17,15.54,0.10,14.54,0.16,14.66,0.10,14.83,0.10,14.33,0.10
UGC 05101      ,19.81,0.10,18.99,0.16,18.85,0.10,18.59,0.10,0.00,0.00,0.00,0.00,16.62,0.06,15.03,0.05,0.00,0.00,14.40,0.05,14.00,0.05,13.74,0.05,13.22,0.05,12.81,0.05,12.52,0.05,12.65,0.10,12.34,0.10,11.65,0.10,11.67,0.10,11.37,0.10,10.81,0.10,10.77,0.10,0.00,0.00, 9.29,0.10, 9.49,0.10,0.00,0.00, 9.16,0.10
NGC 3049       ,15.96,0.10,0.00,0.00,0.00,0.00,15.41,0.10,0.00,0.00,0.00,0.00,14.45,0.05,13.53,0.05,0.00,0.00,12.94,0.05,12.69,0.05,12.51,0.05,12.26,0.05,12.07,0.05,12.25,0.05,12.89,0.10,12.89,0.10,13.28,0.10,13.42,0.10,12.37,0.10,11.38,0.10,11.33,0.10,0.00,0.00, 9.90,0.10,10.05,0.10,0.00,0.00, 9.87,0.10
NGC 3079       ,14.08,0.10,13.66,0.10,13.68,0.10,13.65,0.10,0.00,0.00,0.00,0.00,12.24,0.05,11.07,0.05,0.00,0.00,10.47,0.05,10.07,0.05, 9.82,0.05, 9.34,0.05, 9.01,0.05, 9.10,0.05, 9.62,0.10, 9.61,0.10, 9.95,0.10,10.03,0.10, 8.83,0.10, 7.95,0.10, 8.15,0.10,0.00,0.00, 7.76,0.10, 7.94,0.10,0.00,0.00, 7.70,0.10
UGCA 208       ,16.74,0.10,0.00,0.00,0.00,0.00,16.49,0.10,0.00,0.00,0.00,0.00,15.82,0.05,15.09,0.05,0.00,0.00,14.74,0.05,14.63,0.05,14.49,0.05,14.24,0.05,14.20,0.08,14.58,0.12,15.09,0.10,15.01,0.10,15.42,0.10,15.61,0.10,14.65,0.10,13.75,0.10,13.70,0.10,0.00,0.00,12.29,0.10,12.44,0.10,12.54,0.10,12.28,0.10
     NGC 3190  ,17.92,0.10,0.00,0.00,0.00,0.00,16.34,0.10,0.00,0.00,0.00,0.00,13.29,0.05,11.62,0.05,0.00,0.00,10.80,0.05,10.34,0.05,10.02,0.05, 9.54,0.05, 9.27,0.05, 9.44,0.05,10.17,0.10,10.19,0.10,10.69,0.10,10.78,0.10,10.70,0.10,10.30,0.10,10.28,0.10,0.00,0.00,10.39,0.10,10.49,0.10,0.00,0.00,10.38,0.10
NGC 3198       ,15.19,0.10,0.00,0.00,0.00,0.00,14.76,0.10,0.00,0.00,0.00,0.00,13.45,0.05,12.22,0.05,0.00,0.00,11.62,0.05,11.28,0.05,11.07,0.05,10.78,0.05,10.56,0.05,10.76,0.05,11.44,0.10,11.50,0.10,11.92,0.10,11.98,0.10,11.39,0.10,10.48,0.10,10.35,0.10,0.00,0.00, 9.56,0.10, 9.73,0.10,0.00,0.00, 9.53,0.10
NGC 3265       ,17.25,0.10,0.00,0.00,0.00,0.00,16.61,0.10,0.00,0.00,0.00,0.00,15.11,0.05,13.85,0.05,0.00,0.00,13.17,0.05,12.82,0.05,12.61,0.05,12.29,0.05,12.08,0.05,12.30,0.05,12.92,0.10,12.93,0.10,13.34,0.10,13.48,0.10,12.46,0.10,11.44,0.10,11.47,0.10,0.00,0.00,10.30,0.10,10.47,0.10,0.00,0.00,10.25,0.10
     Mrk 33    ,15.05,0.10,0.00,0.00,0.00,0.00,14.72,0.10,0.00,0.00,0.00,0.00,14.05,0.05,13.36,0.05,0.00,0.00,12.95,0.05,12.85,0.05,12.70,0.05,12.45,0.05,12.29,0.05,12.50,0.05,13.07,0.10,13.03,0.10,13.35,0.10,13.47,0.10,12.19,0.10,11.14,0.10,10.82,0.10,0.00,0.00, 9.09,0.10, 9.23,0.10,0.00,0.00, 9.06,0.10
NGC 3310       ,12.67,0.10,0.00,0.00,0.00,0.00,12.35,0.10,0.00,0.00,0.00,0.00,11.69,0.05,11.13,0.05,0.00,0.00,10.86,0.05,10.80,0.05,10.68,0.05,10.45,0.05,10.30,0.05,10.54,0.05,10.93,0.10,10.89,0.10,11.24,0.10,11.31,0.10, 9.84,0.10, 8.82,0.10, 8.77,0.10,0.00,0.00, 7.29,0.10, 7.47,0.10,0.00,0.00, 7.26,0.10
NGC 3351       ,14.92,0.10,13.96,0.10,13.94,0.10,14.00,0.10,0.00,0.00,0.00,0.00,12.45,0.05,11.03,0.05,0.00,0.00,10.29,0.05, 9.88,0.05, 9.62,0.05, 9.20,0.05, 8.99,0.05, 9.18,0.05, 9.91,0.10, 9.96,0.10,10.43,0.10,10.52,0.10,10.06,0.10, 9.36,0.10, 9.30,0.10, 9.11,0.10, 8.21,0.10, 8.37,0.10,0.00,0.00, 8.17,0.10
       NGC 3379,16.65,0.10,0.00,0.00,0.00,0.00,15.30,0.10,0.00,0.00,0.00,0.00,11.95,0.05,10.19,0.05,0.00,0.00, 9.40,0.05, 8.96,0.05, 8.71,0.05, 8.25,0.05, 8.05,0.05, 8.29,0.05, 9.09,0.10, 9.19,0.10, 9.71,0.10, 9.79,0.10,10.14,0.10,10.70,0.10,10.96,0.10,0.00,0.00,11.65,0.10,11.66,0.10,0.00,0.00,11.94,0.10
UGCA 219       ,15.21,0.10,0.00,0.00,0.00,0.00,15.21,0.10,0.00,0.00,0.00,0.00,15.16,0.05,14.78,0.05,0.00,0.00,14.79,0.05,14.85,0.05,14.82,0.05,14.50,0.10,14.18,0.40,14.95,0.41,15.71,0.10,15.57,0.10,15.83,0.10,16.10,0.10,15.84,0.10,15.36,0.10,14.58,0.10,0.00,0.00,12.70,0.10,12.86,0.10,12.82,0.10,12.65,0.10
NGC 3521       ,15.09,0.10,0.00,0.00,0.00,0.00,14.14,0.10,0.00,0.00,0.00,0.00,11.91,0.05,10.38,0.05,0.00,0.00, 9.65,0.05, 9.23,0.05, 8.91,0.05, 8.42,0.05, 8.18,0.05, 8.36,0.05, 9.02,0.10, 9.05,0.10, 9.50,0.10, 9.59,0.10, 8.89,0.10, 8.06,0.10, 8.12,0.10, 8.24,0.10, 7.98,0.10, 8.10,0.10,0.00,0.00, 8.01,0.10
     NGC 3627  ,14.19,0.10,0.00,0.00,0.00,0.00,13.44,0.10,0.00,0.00,0.00,0.00,11.73,0.05,10.33,0.05,0.00,0.00, 9.63,0.05, 9.25,0.05, 9.01,0.05, 8.60,0.05, 8.37,0.05, 8.56,0.05, 9.24,0.10, 9.26,0.10, 9.72,0.10, 9.81,0.10, 9.13,0.10, 8.30,0.10, 8.30,0.10,0.00,0.00, 7.82,0.10, 7.96,0.10,0.00,0.00, 7.95,0.10
IC 0691        ,16.39,0.10,0.00,0.00,0.00,0.00,15.99,0.10,0.00,0.00,0.00,0.00,14.91,0.05,14.12,0.05,0.00,0.00,13.55,0.05,13.36,0.05,13.16,0.05,12.79,0.05,12.59,0.05,12.66,0.05,12.88,0.10,12.79,0.10,12.86,0.10,12.96,0.10,12.03,0.10,11.10,0.10,10.92,0.10,0.00,0.00, 9.66,0.10, 9.80,0.10,0.00,0.00, 9.65,0.10
NGC 3690       ,14.11,0.10,0.00,0.00,13.46,0.10,13.71,0.10,0.00,0.00,0.00,0.00,12.83,0.05,12.07,0.05,0.00,0.00,11.49,0.05,11.29,0.05,11.06,0.05,10.65,0.05,10.35,0.05,10.38,0.05, 9.97,0.10,0.00,0.00,0.00,0.00, 9.46,0.10, 8.87,0.10,0.00,0.00, 7.49,0.10,0.00,0.00, 5.71,0.10, 5.90,0.10,0.00,0.00, 5.78,0.10
NGC 3773       ,15.17,0.10,0.00,0.00,0.00,0.00,14.94,0.10,0.00,0.00,0.00,0.00,14.32,0.05,13.60,0.05,0.00,0.00,13.16,0.05,12.99,0.05,12.87,0.05,12.66,0.05,12.63,0.05,12.77,0.05,13.41,0.10,13.40,0.10,13.80,0.10,13.94,0.10,13.10,0.10,12.26,0.10,12.31,0.10,0.00,0.00,11.14,0.10,11.30,0.10,0.00,0.00,11.04,0.10
Mrk 1450       ,0.00,0.00,16.51,0.10,16.55,0.10,0.00,0.00,16.23,0.10,0.00,0.00,16.09,0.05,15.38,0.05,15.56,0.10,15.38,0.05,15.61,0.05,15.51,0.05,15.45,0.07,15.51,0.17,16.02,0.23,16.33,0.10,16.29,0.10,16.42,0.10,16.73,0.10,16.33,0.10,15.58,0.10,14.19,0.10,0.00,0.00,12.03,0.10,12.19,0.10,12.27,0.10,12.05,0.10
UGC 06665      ,15.64,0.10,0.00,0.00,0.00,0.00,15.25,0.10,0.00,0.00,0.00,0.00,14.63,0.05,13.99,0.05,0.00,0.00,13.65,0.05,13.53,0.05,13.37,0.05,13.11,0.05,13.01,0.05,13.14,0.05,13.51,0.10,13.38,0.10,13.64,0.10,13.78,0.10,12.58,0.10,11.60,0.10,11.26,0.10,0.00,0.00, 9.43,0.10, 9.60,0.10,0.00,0.00, 9.37,0.10
NGC 3870       ,15.28,0.10,0.00,0.00,0.00,0.00,15.01,0.10,0.00,0.00,0.00,0.00,14.26,0.05,13.42,0.05,0.00,0.00,13.03,0.05,12.84,0.05,12.73,0.05,12.56,0.05,12.48,0.05,12.73,0.05,13.28,0.10,13.29,0.10,13.70,0.10,13.85,0.10,12.98,0.10,12.15,0.10,12.31,0.10,0.00,0.00,11.45,0.10,11.67,0.10,0.00,0.00,11.41,0.10
UM 461         ,17.32,0.10,0.00,0.00,0.00,0.00,17.10,0.10,0.00,0.00,0.00,0.00,16.69,0.05,15.81,0.05,0.00,0.00,15.88,0.05,16.11,0.05,16.05,0.06,16.15,0.36,15.55,0.43,15.80,0.44,16.94,0.10,16.94,0.10,16.97,0.10,17.20,0.12,16.61,0.15,16.00,0.10,14.41,0.10,13.49,0.10,12.58,0.10,12.71,0.10,12.86,0.10,12.60,0.10
UGC 06850      ,15.29,0.10,0.00,0.00,0.00,0.00,15.16,0.10,0.00,0.00,0.00,0.00,14.82,0.05,14.31,0.05,0.00,0.00,14.25,0.05,14.38,0.05,14.35,0.05,14.28,0.13,14.19,0.17,14.49,0.18,15.08,0.10,15.08,0.10,15.18,0.10,15.39,0.10,14.88,0.10,14.32,0.10,13.27,0.10,0.00,0.00,11.18,0.10,11.34,0.10,11.50,0.10,11.18,0.10
     NGC 3938  ,14.44,0.10,0.00,0.00,0.00,0.00,13.94,0.10,0.00,0.00,0.00,0.00,12.84,0.05,11.66,0.05,0.00,0.00,11.09,0.05,10.78,0.05,10.61,0.05,10.28,0.05,10.16,0.05,10.34,0.05,10.99,0.10,11.01,0.10,11.45,0.10,11.55,0.10,10.73,0.10, 9.83,0.10, 9.88,0.10,0.00,0.00, 9.66,0.10, 9.77,0.10,0.00,0.00, 9.67,0.10
NGC 4088       ,13.97,0.10,13.44,0.10,13.52,0.10,13.41,0.10,12.95,0.10,11.99,0.10,12.04,0.05,10.88,0.05,0.00,0.00,10.27,0.05, 9.94,0.05, 9.74,0.05, 9.32,0.05, 9.11,0.05, 9.27,0.05, 9.85,0.10, 9.84,0.10,10.22,0.10,10.31,0.10,0.00,0.00, 8.09,0.10, 8.23,0.10,0.00,0.00, 7.69,0.10, 7.84,0.10,0.00,0.00, 7.67,0.10
     NGC 4125  ,17.72,0.10,16.06,0.10,16.40,0.10,16.07,0.10,14.74,0.10,0.00,0.00,12.67,0.05,10.89,0.05,0.00,0.00,10.10,0.05, 9.68,0.05, 9.42,0.05, 9.01,0.05, 8.81,0.05, 9.02,0.05, 9.78,0.10, 9.85,0.10,10.37,0.10,10.47,0.10,10.71,0.10,11.27,0.10,11.49,0.10,0.00,0.00,11.98,0.10,12.03,0.10,0.00,0.00,11.98,0.10
NGC 4138       ,15.64,0.10,0.00,0.00,0.00,0.00,15.18,0.10,0.00,0.00,0.00,0.00,13.32,0.05,11.86,0.05,0.00,0.00,11.13,0.05,10.74,0.05,10.50,0.05,10.14,0.05, 9.94,0.05,10.19,0.05,10.85,0.10,10.97,0.10,11.42,0.10,11.45,0.10,11.22,0.10,10.69,0.10,10.75,0.10,0.00,0.00,10.74,0.10,10.85,0.10,0.00,0.00,10.74,0.10
       NGC 4168,18.65,0.11,0.00,0.00,0.00,0.00,16.96,0.10,0.00,0.00,0.00,0.00,13.80,0.05,12.11,0.06,0.00,0.00,11.35,0.05,10.93,0.05,10.71,0.05,10.34,0.05,10.16,0.05,10.35,0.05,11.13,0.10,11.25,0.10,11.75,0.10,11.81,0.10,12.17,0.10,12.72,0.10,12.98,0.10,0.00,0.00,13.52,1.05,13.54,0.10,0.00,0.00,13.55,0.10
NGC 4194       ,15.69,0.10,0.00,0.00,0.00,0.00,14.96,0.10,0.00,0.00,0.00,0.00,13.86,0.05,12.88,0.05,0.00,0.00,12.35,0.05,12.16,0.05,11.96,0.05,11.60,0.05,11.41,0.05,11.48,0.05,11.69,0.10,11.59,0.10,11.71,0.10,11.79,0.10,10.34,0.10,0.00,0.00, 9.21,0.10,0.00,0.00, 7.53,0.10, 7.72,0.10,0.00,0.00, 7.49,0.10
Haro 06        ,16.09,0.10,0.00,0.00,0.00,0.00,15.92,0.10,0.00,0.00,0.00,0.00,15.46,0.05,14.88,0.05,0.00,0.00,14.67,0.05,14.71,0.05,14.64,0.05,14.44,0.06,14.44,0.13,14.83,0.15,15.24,0.10,15.19,0.10,15.48,0.10,15.70,0.10,14.79,0.10,13.96,0.10,13.70,0.10,0.00,0.00,11.85,0.10,12.02,0.10,0.00,0.00,11.87,0.10
NGC 4254       ,14.23,0.10,0.00,0.00,0.00,0.00,13.44,0.10,13.05,0.10,0.00,0.00,12.15,0.05,11.05,0.05,0.00,0.00,10.45,0.05,10.13,0.05, 9.91,0.05, 9.52,0.05, 9.31,0.05, 9.49,0.05,10.10,0.10,10.08,0.10,10.47,0.10,10.58,0.10, 9.34,0.10, 8.29,0.10, 8.39,0.10,0.00,0.00, 8.11,0.10, 8.25,0.10,0.00,0.00, 8.09,0.10
NGC 4321       ,14.05,0.10,13.26,0.10,13.22,0.10,13.32,0.10,0.00,0.00,0.00,0.00,12.13,0.05,10.95,0.05,0.00,0.00,10.33,0.05, 9.98,0.05, 9.78,0.05, 9.38,0.05, 9.21,0.05, 9.39,0.05,10.03,0.10,10.05,0.10,10.47,0.10,10.56,0.10, 9.62,0.10, 8.65,0.10, 8.69,0.10,0.00,0.00, 8.25,0.10, 8.40,0.10,0.00,0.00, 8.26,0.10
       NGC 4365,16.59,0.10,0.00,0.00,0.00,0.00,15.54,0.10,0.00,0.00,0.00,0.00,12.30,0.05,10.51,0.05,0.00,0.00, 9.73,0.05, 9.29,0.05, 9.04,0.05, 8.63,0.05, 8.44,0.05, 8.67,0.05, 9.43,0.10, 9.52,0.10,10.04,0.10,10.14,0.10,10.47,0.10,10.92,0.10,11.40,0.10,0.00,0.00,12.09,0.10,12.15,0.10,0.00,0.00,11.84,0.29
       NGC 4387,19.48,0.18,0.00,0.00,0.00,0.00,17.93,0.12,0.00,0.00,0.00,0.00,14.44,0.05,12.76,0.05,0.00,0.00,11.99,0.05,11.56,0.05,11.32,0.05,10.93,0.05,10.73,0.05,10.94,0.05,11.80,0.10,11.87,0.10,12.36,0.10,12.50,0.10,12.75,0.10,13.34,0.10,13.71,0.10,14.08,0.10,14.03,0.34,14.09,0.10,0.00,0.00,0.00,0.00,
NGC 4385       ,15.53,0.10,0.00,0.00,0.00,0.00,15.09,0.10,0.00,0.00,0.00,0.00,14.01,0.05,12.94,0.05,0.00,0.00,12.36,0.05,12.07,0.05,11.88,0.05,11.62,0.05,11.44,0.05,11.67,0.05,12.30,0.10,12.32,0.10,12.71,0.10,12.80,0.10,11.87,0.10,10.83,0.10,10.43,0.10,0.00,0.00, 8.87,0.10, 9.01,0.10,0.00,0.00, 8.84,0.10
     NGC 4450  ,17.07,0.10,0.00,0.00,0.00,0.00,16.04,0.10,0.00,0.00,0.00,0.00,13.09,0.05,11.42,0.05,0.00,0.00,10.63,0.05,10.22,0.05, 9.96,0.05, 9.57,0.05, 9.34,0.05, 9.56,0.05,10.36,0.10,10.42,0.10,10.90,0.10,11.01,0.10,11.12,0.10,11.20,0.10,11.16,0.10,0.00,0.00,11.27,0.10,11.35,0.10,0.00,0.00,11.37,0.10
       NGC 4458,19.28,0.23,0.00,0.00,0.00,0.00,17.49,0.10,0.00,0.00,0.00,0.00,14.26,0.05,12.68,0.05,0.00,0.00,11.97,0.05,11.55,0.05,11.35,0.05,11.04,0.05,10.82,0.05,11.05,0.05,11.90,0.10,12.02,0.10,12.49,0.10,12.59,0.10,12.90,0.10,13.41,0.10,13.59,0.16,0.00,0.00,14.29,0.73,14.35,0.10,0.00,0.00,0.00,0.00,
       NGC 4473,17.10,0.10,0.00,0.00,0.00,0.00,15.90,0.10,0.00,0.00,0.00,0.00,12.55,0.05,10.84,0.05,0.00,0.00,10.06,0.05, 9.63,0.05, 9.40,0.05, 8.99,0.05, 8.81,0.05, 9.04,0.05, 9.82,0.10, 9.89,0.10,10.40,0.10,10.50,0.10,10.93,0.10,11.36,0.10,11.68,0.10,0.00,0.00,12.18,0.10,12.25,0.10,0.00,0.00,12.10,0.10
       NGC 4486,14.76,0.10,13.97,0.10,14.16,0.10,14.06,0.10,13.01,0.10,0.00,0.00,11.28,0.05, 9.51,0.05,0.00,0.00, 8.70,0.05, 8.27,0.05, 7.99,0.05, 7.67,0.05, 7.49,0.05, 7.69,0.05, 8.34,0.10,0.00,0.00,0.00,0.00, 9.02,0.10,0.00,0.00,0.00,0.00,10.09,0.10,0.00,0.00,10.39,0.10,10.46,0.10,0.00,0.00,10.43,0.10
     NGC 4536  ,14.63,0.10,0.00,0.00,0.00,0.00,14.16,0.10,0.00,0.00,0.00,0.00,12.76,0.05,11.52,0.05,0.00,0.00,10.84,0.05,10.48,0.05,10.21,0.05, 9.77,0.05, 9.54,0.05, 9.65,0.05,10.24,0.10,10.22,0.10,10.59,0.10,10.70,0.10, 9.56,0.10, 8.57,0.10, 8.71,0.10,0.00,0.00, 7.72,0.10, 7.90,0.10,0.00,0.00, 7.61,0.10
       NGC 4550,18.22,0.10,0.00,0.00,0.00,0.00,16.62,0.10,0.00,0.00,0.00,0.00,13.69,0.05,12.12,0.05,0.00,0.00,11.38,0.05,10.98,0.05,10.76,0.05,10.37,0.05,10.08,0.05,10.45,0.05,11.30,0.10,11.37,0.10,11.86,0.10,12.00,0.10,12.18,0.10,12.55,0.10,13.29,0.10,0.00,0.00,0.00,0.00,0.00,0.00,0.00,0.00,14.25,0.10
       NGC 4551,19.61,0.18,0.00,0.00,0.00,0.00,17.78,0.10,0.00,0.00,0.00,0.00,14.28,0.07,12.55,0.05,0.00,0.00,11.76,0.05,11.34,0.05,11.09,0.05,10.66,0.05,10.43,0.05,10.70,0.05,11.50,0.10,0.00,0.00,12.05,0.10,12.20,0.10,0.00,0.00,12.96,0.10,14.12,0.29,0.00,0.00,0.00,0.00,0.00,0.00,0.00,0.00,14.12,0.55
     NGC 4552  ,16.56,0.10,0.00,0.00,0.00,0.00,15.87,0.10,0.00,0.00,0.00,0.00,12.79,0.05,10.94,0.05,0.00,0.00,10.12,0.05, 9.68,0.05, 9.38,0.05, 8.92,0.05, 8.69,0.05, 8.93,0.05, 9.69,0.10, 9.77,0.10,10.30,0.10,10.41,0.10,10.65,0.10,11.25,0.10,11.43,0.10,0.00,0.00,11.99,0.20,12.02,0.10,0.00,0.00,11.99,0.10
     NGC 4559  ,13.31,0.10,13.00,0.10,13.03,0.10,12.95,0.10,12.77,0.10,0.00,0.00,12.00,0.05,11.01,0.05,10.81,0.10,10.56,0.05,10.31,0.05,10.20,0.05, 9.92,0.05, 9.77,0.05,10.02,0.05,10.64,0.10,10.66,0.10,11.06,0.10,11.17,0.10,10.33,0.10, 9.52,0.10, 9.68,0.10,0.00,0.00, 9.33,0.10, 9.47,0.10,0.00,0.00, 9.29,0.10
NGC 4569       ,15.95,0.10,0.00,0.00,0.00,0.00,14.75,0.10,0.00,0.00,0.00,0.00,12.77,0.05,11.30,0.05,0.00,0.00,10.67,0.05,10.19,0.05, 9.94,0.05, 9.48,0.05, 9.26,0.05, 9.50,0.05,10.23,0.10,10.28,0.10,10.75,0.10,10.82,0.10,10.46,0.10, 9.81,0.10, 9.68,0.10,0.00,0.00, 8.97,0.10, 9.10,0.10,0.00,0.00, 8.99,0.10
     NGC 4579  ,15.76,0.10,14.98,0.10,15.06,0.10,15.01,0.10,14.13,0.10,0.00,0.00,12.58,0.05,10.94,0.05,0.00,0.00,10.15,0.05, 9.72,0.05, 9.47,0.05, 9.01,0.05, 8.83,0.05, 9.06,0.05, 9.79,0.10, 9.84,0.10,10.30,0.10,10.40,0.10,10.36,0.10,10.17,0.10,10.02,0.10,0.00,0.00, 9.81,0.10, 9.92,0.10,0.00,0.00, 9.85,0.10
     NGC 4594  ,15.86,0.10,14.47,0.10,14.58,0.10,14.81,0.10,13.32,0.10,0.00,0.00,11.45,0.05, 9.60,0.05,0.00,0.00, 8.73,0.05, 8.28,0.05, 7.96,0.05, 7.43,0.05, 7.21,0.05, 7.42,0.05, 8.17,0.10, 8.25,0.10, 8.76,0.10, 8.86,0.10, 9.07,0.10, 9.50,0.10, 9.62,0.10,0.00,0.00, 9.94,0.10,10.00,0.10,0.00,0.00,10.03,0.10
NGC 4625       ,15.35,0.10,0.00,0.00,0.00,0.00,14.95,0.10,0.00,0.00,0.00,0.00,13.95,0.05,12.91,0.05,0.00,0.00,12.41,0.05,12.15,0.05,11.97,0.05,11.76,0.05,11.57,0.05,11.82,0.05,12.51,0.10,12.53,0.10,12.98,0.10,13.10,0.10,12.21,0.10,11.27,0.10,11.41,0.10,0.00,0.00,11.29,0.10,11.43,0.10,0.00,0.00,11.25,0.10
       NGC 4621,16.70,0.22,0.00,0.00,0.00,0.00,15.18,0.10,0.00,0.00,0.00,0.00,11.87,0.05,10.22,0.05,0.00,0.00, 9.48,0.05, 9.04,0.05, 8.76,0.05, 8.47,0.05, 8.28,0.05, 8.52,0.05, 9.25,0.10,0.00,0.00,0.00,0.00, 9.93,0.10,0.00,0.00,0.00,0.00,10.94,0.10,0.00,0.00,11.43,0.10,11.50,0.10,0.00,0.00,0.00,0.00,
     NGC 4631  ,12.77,0.10,12.51,0.10,12.52,0.10,12.40,0.10,12.23,0.10,0.00,0.00,11.44,0.05,10.51,0.05,0.00,0.00,10.03,0.05, 9.74,0.05, 9.46,0.05, 9.01,0.05, 8.74,0.05, 8.82,0.05, 9.28,0.10, 9.24,0.10, 9.58,0.10, 9.69,0.10, 8.38,0.10, 7.43,0.10, 7.61,0.10,0.00,0.00, 7.08,0.10, 7.24,0.10,0.00,0.00, 7.04,0.10
       NGC 4660,18.25,0.10,0.00,0.00,0.00,0.00,16.60,0.10,0.00,0.00,0.00,0.00,13.42,0.05,11.78,0.05,0.00,0.00,11.02,0.05,10.62,0.05,10.38,0.05, 9.97,0.05, 9.79,0.05,10.02,0.05,10.81,0.10,10.89,0.10,11.40,0.10,11.50,0.10,11.88,0.10,12.39,0.10,12.73,0.10,0.00,0.00,13.09,0.41,13.15,0.10,0.00,0.00,13.49,0.10
NGC 4670       ,14.31,0.10,0.00,0.00,0.00,0.00,14.07,0.10,0.00,0.00,0.00,0.00,13.40,0.05,12.85,0.05,0.00,0.00,12.54,0.05,12.43,0.05,12.28,0.05,12.17,0.05,12.08,0.05,12.31,0.05,12.89,0.10,12.82,0.10,13.28,0.10,13.37,0.10,12.64,0.10,11.83,0.10,11.80,0.10,0.00,0.00,10.41,0.10,10.60,0.10,0.00,0.00,10.38,0.10
NGC 4676 A     ,17.66,0.10,17.08,0.10,17.16,0.10,17.16,0.10,16.66,0.10,15.61,0.10,15.37,0.05,14.01,0.05,0.00,0.00,13.32,0.05,12.93,0.05,12.67,0.05,12.18,0.05,11.84,0.05,11.94,0.05,12.62,0.10,12.64,0.10,13.01,0.10,13.13,0.10,12.29,0.10,11.40,0.10,11.57,0.10,0.00,0.00,10.68,0.10,10.85,0.10,0.00,0.00,10.58,0.10
     NGC 4725  ,15.85,0.10,0.00,0.00,0.00,0.00,15.23,0.10,0.00,0.00,0.00,0.00,12.75,0.05,11.08,0.05,0.00,0.00,10.30,0.05, 9.86,0.05, 9.62,0.05, 9.21,0.05, 8.93,0.05, 9.19,0.05,10.00,0.10,10.07,0.10,10.58,0.10,10.68,0.10,10.76,0.10,10.77,0.10,10.74,0.10,0.00,0.00,10.89,0.10,10.92,0.10,0.00,0.00,10.98,0.10
     NGC 4826  ,14.28,0.10,13.50,0.10,13.49,0.10,13.42,0.10,12.79,0.10,0.00,0.00,11.31,0.05, 9.78,0.05,0.00,0.00, 9.04,0.05, 8.61,0.05, 8.35,0.05, 7.86,0.05, 7.62,0.05, 7.81,0.05, 8.54,0.10, 8.58,0.10, 9.04,0.10, 9.15,0.10, 8.83,0.10, 8.25,0.10, 8.33,0.10,0.00,0.00, 8.00,0.10, 8.14,0.10,0.00,0.00, 7.96,0.10
       NGC 4860,19.36,0.10,0.00,0.00,0.00,0.00,18.78,0.10,0.00,0.00,0.00,0.00,16.10,0.06,14.25,0.05,0.00,0.00,13.42,0.05,12.99,0.05,12.72,0.05,12.25,0.05,12.05,0.05,12.17,0.05,13.01,0.10,13.05,0.10,13.59,0.10,13.69,0.10,13.98,0.10,14.51,0.10,14.82,0.11,15.11,0.10,0.00,0.00,0.00,0.00,0.00,0.00,0.00,0.00,
       NGC 4889,18.34,0.10,17.54,0.10,17.72,0.10,17.61,0.10,16.51,0.10,14.60,0.10,14.47,0.05,12.69,0.05,0.00,0.00,11.86,0.05,11.42,0.05,11.15,0.05,10.75,0.05,10.50,0.05,10.69,0.05,11.47,0.10,11.54,0.10,12.08,0.10,12.16,0.10,12.45,0.10,13.02,0.10,13.33,0.10,0.00,0.00,14.27,0.64,14.27,0.10,0.00,0.00,14.20,0.15
        IC 4051,20.93,0.29,0.00,0.00,0.00,0.00,19.45,0.13,0.00,0.00,0.00,0.00,16.27,0.09,14.42,0.05,0.00,0.00,13.61,0.05,13.19,0.05,12.93,0.05,12.52,0.05,12.26,0.06,12.46,0.07,13.25,0.10,13.29,0.10,13.79,0.10,13.91,0.10,14.14,0.10,14.45,0.10,14.70,0.30,0.00,0.00,15.14,0.99,15.22,0.10,0.00,0.00,15.09,0.18
       NGC 4926,19.33,0.10,0.00,0.00,0.00,0.00,18.60,0.10,0.00,0.00,0.00,0.00,15.48,0.05,13.68,0.05,0.00,0.00,12.85,0.05,12.42,0.05,12.17,0.05,11.73,0.05,11.49,0.05,11.69,0.05,12.49,0.10,0.00,0.00,0.00,0.00,13.16,0.10,0.00,0.00,0.00,0.00,14.00,0.21,14.59,0.10,14.90,0.32,14.97,0.10,0.00,0.00,14.94,0.27
     NGC 5033  ,15.17,0.10,0.00,0.00,0.00,0.00,14.51,0.10,0.00,0.00,0.00,0.00,12.68,0.05,11.27,0.05,0.00,0.00,10.50,0.05,10.08,0.05, 9.79,0.05, 9.23,0.05, 8.96,0.05, 9.14,0.05, 9.80,0.10, 9.81,0.10,10.22,0.10,10.34,0.10, 9.53,0.10, 8.64,0.10, 8.72,0.10,0.00,0.00, 8.51,0.10, 8.63,0.10,0.00,0.00, 8.49,0.10
IC 0860        ,21.01,0.38,0.00,0.00,0.00,0.00,18.35,0.10,0.00,0.00,0.00,0.00,15.68,0.05,14.10,0.05,0.00,0.00,13.45,0.05,13.10,0.05,12.89,0.05,12.52,0.05,12.24,0.05,12.48,0.05,13.23,0.10,13.23,0.10,13.65,0.10,13.77,0.10,13.23,0.10,12.39,0.10,12.08,0.10,11.35,0.10, 9.23,0.10, 9.56,0.10,0.00,0.00, 9.03,0.10
UGC 08335 NW   ,17.74,0.10,0.00,0.00,0.00,0.00,17.12,0.10,0.00,0.00,0.00,0.00,16.06,0.05,14.89,0.05,0.00,0.00,14.45,0.05,14.15,0.05,13.97,0.05,13.67,0.13,13.49,0.10,13.39,0.09,13.78,0.10,13.84,0.10,14.12,0.10,13.98,0.10,12.98,0.10,11.75,0.10,0.00,0.00,0.00,0.00,0.00,0.00,0.00,0.00,0.00,0.00,0.00,0.00,
UGC 08335 SE   ,17.71,0.10,0.00,0.00,0.00,0.00,17.04,0.10,0.00,0.00,0.00,0.00,16.06,0.05,15.02,0.05,0.00,0.00,14.58,0.05,14.27,0.05,14.11,0.05,13.67,0.09,13.57,0.14,13.33,0.11,13.44,0.10,13.28,0.10,13.30,0.10,13.32,0.10,11.95,0.10,10.64,0.10,10.34,0.10,0.00,0.00, 8.46,0.10, 8.63,0.10,0.00,0.00,0.00,0.00,
     NGC 5055  ,13.93,0.10,13.14,0.10,13.09,0.10,13.11,0.10,12.56,0.10,0.00,0.00,11.44,0.05,10.10,0.05,0.00,0.00, 9.40,0.05, 9.00,0.05, 8.73,0.05, 8.29,0.05, 8.02,0.05, 8.23,0.05, 8.89,0.10, 8.92,0.10, 9.36,0.10, 9.47,0.10, 8.78,0.10, 7.94,0.10, 7.98,0.10,0.00,0.00, 7.84,0.10, 7.96,0.10,0.00,0.00, 7.87,0.10
IC 0883        ,17.79,0.10,0.00,0.00,0.00,0.00,17.05,0.10,0.00,0.00,0.00,0.00,15.69,0.05,14.41,0.05,0.00,0.00,13.89,0.05,13.58,0.05,13.35,0.05,12.91,0.05,12.65,0.05,12.67,0.05,13.02,0.10,12.87,0.10,12.97,0.10,13.05,0.10,11.52,0.10,10.30,0.10,10.48,0.10,0.00,0.00, 8.97,0.10, 9.18,0.10,0.00,0.00, 8.84,0.10
NGC 5104       ,18.25,0.10,0.00,0.00,0.00,0.00,17.53,0.10,0.00,0.00,0.00,0.00,15.46,0.05,13.94,0.05,0.00,0.00,13.14,0.05,12.70,0.05,12.37,0.05,11.80,0.05,11.53,0.05,11.61,0.05,12.22,0.10,12.21,0.10,12.54,0.10,12.63,0.10,11.65,0.10,10.55,0.10,10.64,0.10,0.00,0.00, 9.57,0.10, 9.76,0.10, 9.84,0.10, 9.54,0.10
NGC 5194       ,13.22,0.10,12.58,0.10,12.51,0.10,12.46,0.10,12.11,0.10,0.00,0.00,11.23,0.05,10.05,0.05,0.00,0.00, 9.43,0.05, 9.09,0.05, 8.86,0.05, 8.45,0.05, 8.24,0.05, 8.44,0.05, 9.07,0.10, 9.09,0.10, 9.52,0.10, 9.61,0.10, 8.61,0.10, 7.66,0.10, 7.66,0.10,0.00,0.00, 7.27,0.10, 7.41,0.10,0.00,0.00, 7.28,0.10
     NGC 5195  ,16.14,0.10,15.47,0.10,15.69,0.10,15.36,0.10,14.61,0.10,0.00,0.00,12.49,0.05,10.91,0.05,0.00,0.00,10.01,0.05, 9.54,0.05, 9.22,0.05, 8.73,0.05, 8.49,0.05, 8.68,0.05, 9.40,0.10, 9.47,0.10, 9.91,0.10,10.00,0.10, 9.77,0.10, 9.33,0.10, 9.16,0.10,0.00,0.00, 8.49,0.10, 8.64,0.10,0.00,0.00, 8.47,0.10
NGC 5256       ,16.86,0.10,16.44,0.10,16.43,0.10,16.32,0.10,0.00,0.00,0.00,0.00,15.04,0.05,13.82,0.05,0.00,0.00,13.25,0.05,12.94,0.05,12.72,0.05,12.29,0.05,12.03,0.05,12.11,0.05,12.64,0.10,12.58,0.10,12.81,0.10,12.86,0.10,11.83,0.10,10.70,0.10,10.63,0.10,0.00,0.00, 9.12,0.10, 9.29,0.10,0.00,0.00, 9.09,0.10
NGC 5257       ,15.51,0.10,0.00,0.00,0.00,0.00,14.99,0.10,0.00,0.00,0.00,0.00,14.12,0.05,13.21,0.05,0.00,0.00,12.74,0.05,12.47,0.05,12.27,0.05,11.98,0.05,11.73,0.05,11.89,0.05,12.38,0.10,12.34,0.10,12.69,0.10,12.77,0.10,11.51,0.10,10.36,0.10,10.39,0.10,0.00,0.00, 9.45,0.10, 9.61,0.10,0.00,0.00, 9.44,0.10
NGC 5258       ,16.48,0.10,0.00,0.00,0.00,0.00,15.71,0.10,0.00,0.00,0.00,0.00,14.41,0.05,13.20,0.05,0.00,0.00,12.59,0.05,12.24,0.05,12.03,0.05,11.68,0.05,11.49,0.05,11.61,0.05,12.18,0.10,12.14,0.10,12.50,0.10,12.59,0.10,11.40,0.10,10.25,0.10,10.33,0.10,0.00,0.00, 9.43,0.10, 9.60,0.10,0.00,0.00, 9.43,0.10
UGC 08696      ,18.41,0.10,0.00,0.00,0.00,0.00,17.63,0.10,0.00,0.00,0.00,0.00,15.88,0.08,14.70,0.06,0.00,0.00,14.13,0.05,13.78,0.08,13.46,0.05,13.00,0.05,12.76,0.05,12.69,0.05,12.97,0.10,12.82,0.10,12.46,0.10,12.49,0.10,11.65,0.10,10.74,0.10,10.49,0.10,0.00,0.00, 8.33,0.10, 8.58,0.10,0.00,0.00, 8.23,0.10
Mrk 1490       ,21.75,0.67,0.00,0.00,0.00,0.00,19.39,0.11,0.00,0.00,0.00,0.00,16.88,0.06,15.36,0.05,0.00,0.00,14.62,0.05,14.21,0.05,13.93,0.05,13.45,0.08,13.13,0.07,13.13,0.06,13.63,0.10,13.52,0.10,13.71,0.10,13.82,0.10,12.55,0.10,11.26,0.10,11.14,0.10,0.00,0.00, 9.33,0.10, 9.51,0.10, 9.60,0.10, 9.31,0.10
NGC 5653       ,16.06,0.10,0.00,0.00,0.00,0.00,15.26,0.10,0.00,0.00,0.00,0.00,13.94,0.05,12.82,0.05,0.00,0.00,12.20,0.05,11.91,0.05,11.70,0.05,11.26,0.05,11.03,0.05,11.19,0.05,11.64,0.10,11.60,0.10,11.94,0.10,12.04,0.10,10.58,0.10, 9.44,0.10, 9.59,0.10,0.00,0.00, 8.79,0.10, 8.96,0.10,0.00,0.00, 8.79,0.10
Mrk 0475       ,17.53,0.10,0.00,0.00,0.00,0.00,17.26,0.10,0.00,0.00,0.00,0.00,16.66,0.05,15.86,0.05,0.00,0.00,15.78,0.05,15.93,0.05,15.86,0.05,16.10,0.16,15.88,0.27,16.41,0.61,16.85,0.13,16.77,0.15,17.04,0.17,17.17,0.14,17.34,0.91,16.66,0.10,15.97,0.10,15.33,0.10,13.99,0.11,14.18,0.10,14.04,0.10,13.86,0.10
     NGC 5713  ,15.15,0.10,0.00,0.00,0.00,0.00,14.39,0.10,0.00,0.00,0.00,0.00,13.04,0.05,11.93,0.05,0.00,0.00,11.36,0.05,11.08,0.05,10.90,0.05,10.48,0.05,10.32,0.05,10.52,0.05,10.99,0.10,10.96,0.10,11.31,0.10,11.40,0.10, 9.97,0.10, 8.87,0.10, 8.95,0.10,0.00,0.00, 8.07,0.10, 8.24,0.10,0.00,0.00, 8.02,0.10
UGC 09618 S    ,17.85,0.10,0.00,0.00,17.37,0.10,17.15,0.10,16.93,0.10,0.00,0.00,15.87,0.05,14.69,0.05,0.00,0.00,14.21,0.05,13.89,0.05,13.74,0.05,13.39,0.05,13.21,0.11,13.49,0.08,13.82,0.10,13.85,0.10,14.21,0.10,14.27,0.10,13.12,0.10,11.85,0.10,11.95,0.10,0.00,0.00,11.38,0.10,11.51,0.10,0.00,0.00,11.58,0.10
UGC 09618      ,17.57,0.10,0.00,0.00,17.04,0.10,16.87,0.10,16.54,0.10,0.00,0.00,15.35,0.05,14.05,0.05,0.00,0.00,13.42,0.05,13.00,0.05,12.75,0.05,12.21,0.05,11.88,0.06,11.85,0.05,12.28,0.10,12.18,0.10,12.44,0.10,12.56,0.10,11.40,0.10,10.15,0.10,10.43,0.10,0.00,0.00, 9.94,0.10,10.10,0.10,0.00,0.00, 9.88,0.10
UGC 09618 N    ,19.09,0.10,0.00,0.00,18.63,0.10,18.33,0.10,17.92,0.10,0.00,0.00,16.41,0.06,14.87,0.05,0.00,0.00,14.08,0.05,13.59,0.05,13.27,0.05,12.58,0.05,12.19,0.05,12.11,0.05,12.50,0.10,12.42,0.10,12.65,0.10,12.74,0.10,11.62,0.10,10.36,0.10,10.63,0.10,0.00,0.00,10.15,0.10,10.31,0.10,0.00,0.00,10.09,0.10
     NGC 5866  ,17.38,0.10,15.56,0.10,15.63,0.10,15.55,0.10,14.30,0.10,12.42,0.10,12.44,0.05,10.79,0.05,0.00,0.00,10.05,0.05, 9.63,0.05, 9.38,0.05, 8.96,0.05, 8.71,0.05, 8.90,0.05, 9.64,0.10, 9.69,0.10,10.17,0.10,10.27,0.10,10.38,0.10,10.36,0.10,10.46,0.10,0.00,0.00,10.63,0.10,10.72,0.10,0.00,0.00,10.63,0.10
CGCG 049-057   ,22.60,0.79,0.00,0.00,0.00,0.00,19.87,0.10,0.00,0.00,0.00,0.00,16.85,0.05,15.16,0.05,0.00,0.00,14.29,0.05,13.86,0.05,13.56,0.05,13.06,0.05,12.76,0.05,13.04,0.08,13.59,0.10,13.54,0.10,13.84,0.10,13.95,0.10,12.82,0.10,11.75,0.10,11.81,0.10,0.00,0.00, 9.77,0.10,10.09,0.10,0.00,0.00, 9.55,0.10
NGC 5953       ,16.99,0.10,0.00,0.00,0.00,0.00,15.90,0.10,0.00,0.00,0.00,0.00,13.94,0.05,12.65,0.05,0.00,0.00,11.94,0.05,11.60,0.05,11.36,0.05,10.95,0.05,10.74,0.05,10.95,0.05,11.51,0.10,11.52,0.10,11.91,0.10,12.00,0.10,10.81,0.10, 9.75,0.10, 9.81,0.10,0.00,0.00, 9.05,0.10, 9.21,0.10,0.00,0.00, 9.10,0.10
IC 4553        ,18.97,0.12,17.96,0.10,0.00,0.00,17.66,0.10,0.00,0.00,0.00,0.00,15.48,0.05,13.85,0.05,0.00,0.00,13.15,0.05,12.73,0.05,12.48,0.05,11.97,0.05,11.76,0.06,11.66,0.05,12.31,0.10,12.26,0.10,12.36,0.10,12.43,0.10,11.27,0.10,10.16,0.10, 9.66,0.10,0.00,0.00, 7.14,0.10, 7.43,0.10,0.00,0.00, 7.04,0.10
UGCA 410       ,0.00,0.00,0.00,0.00,0.00,0.00,0.00,0.00,0.00,0.00,0.00,0.00,15.88,0.05,15.19,0.05,0.00,0.00,15.07,0.05,15.11,0.05,15.01,0.05,14.88,0.11,14.84,0.14,15.13,0.14,15.67,0.10,0.00,0.00,0.00,0.00,15.69,0.10,0.00,0.00,0.00,0.00,13.37,0.10,12.59,0.10,11.51,0.10,11.63,0.10,0.00,0.00,0.00,0.00,
NGC 5992       ,16.41,0.10,0.00,0.00,0.00,0.00,15.96,0.10,0.00,0.00,0.00,0.00,15.09,0.05,14.09,0.05,0.00,0.00,13.78,0.05,13.56,0.05,13.44,0.05,13.21,0.05,13.19,0.05,13.19,0.05,13.64,0.10,13.56,0.10,13.86,0.10,13.99,0.10,12.61,0.10,11.32,0.10,11.38,0.10,0.00,0.00,10.48,0.10,10.64,0.10,10.70,0.10,10.47,0.10
NGC 6052       ,15.29,0.10,0.00,0.00,0.00,0.00,14.82,0.10,0.00,0.00,0.00,0.00,14.02,0.05,13.29,0.05,0.00,0.00,12.94,0.05,12.83,0.05,12.69,0.05,12.45,0.05,12.24,0.07,12.49,0.05,12.83,0.10,12.76,0.10,13.06,0.10,13.15,0.10,11.73,0.10,10.65,0.10,10.59,0.10,0.00,0.00, 9.30,0.10, 9.47,0.10,0.00,0.00, 9.24,0.10
NGC 6090       ,16.42,0.10,15.81,0.10,15.74,0.10,15.80,0.10,0.00,0.00,0.00,0.00,14.96,0.05,14.20,0.05,0.00,0.00,13.75,0.05,13.50,0.05,13.33,0.05,12.92,0.05,12.73,0.05,12.81,0.05,13.18,0.10,13.04,0.10,13.26,0.10,13.39,0.10,11.89,0.10,10.62,0.10,10.57,0.10,0.00,0.00, 8.98,0.10, 9.16,0.10,0.00,0.00, 8.99,0.10
NGC 6240       ,17.61,0.10,16.94,0.11,17.09,0.10,16.84,0.10,16.36,0.12,14.99,0.10,14.94,0.05,13.45,0.05,12.92,0.10,12.62,0.05,12.18,0.05,11.86,0.05,11.26,0.05,10.91,0.05,10.97,0.05,11.51,0.10,11.47,0.10,11.59,0.10,11.65,0.10,10.77,0.10, 9.93,0.10, 9.57,0.10,0.00,0.00, 7.83,0.10, 8.03,0.10,0.00,0.00, 7.73,0.10
IRAS 17208-0014,22.82,0.54,0.00,0.00,0.00,0.00,21.46,0.12,0.00,0.00,0.00,0.00,18.44,0.19,16.56,0.07,0.00,0.00,15.54,0.07,14.89,0.07,14.47,0.06,13.59,0.07,13.23,0.09,13.10,0.05,13.45,0.10,13.33,0.10,13.32,0.10,13.39,0.10,12.14,0.10,10.58,0.10,10.93,0.10,0.00,0.00, 8.94,0.10, 9.24,0.10,0.00,0.00, 8.74,0.10
II Zw 096      ,16.32,0.10,0.00,0.00,0.00,0.00,15.97,0.10,0.00,0.00,0.00,0.00,15.02,0.12,14.29,0.07,0.00,0.00,14.01,0.09,13.75,0.10,13.62,0.17,13.32,0.17,13.11,0.22,13.16,0.08,13.51,0.10,13.32,0.10,13.29,0.10,13.42,0.10,12.21,0.10,10.91,0.10,10.47,0.10,0.00,0.00, 8.42,0.10, 8.62,0.10,0.00,0.00, 8.22,0.10
     NGC 7331  ,16.17,0.10,15.25,0.10,15.30,0.10,15.13,0.10,14.22,0.10,0.00,0.00,12.61,0.05,10.89,0.05,0.00,0.00,10.00,0.05, 9.51,0.05, 9.17,0.05, 8.69,0.05, 8.41,0.05, 8.58,0.05, 9.23,0.10, 9.26,0.10, 9.72,0.10, 9.83,0.10, 9.33,0.10, 8.65,0.10, 8.72,0.10,0.00,0.00, 8.45,0.10, 8.59,0.10,0.00,0.00, 8.50,0.10
UGC 12150      ,20.18,0.28,0.00,0.00,0.00,0.00,18.89,0.11,0.00,0.00,0.00,0.00,16.27,0.09,14.59,0.07,0.00,0.00,13.72,0.09,13.24,0.10,12.87,0.09,12.27,0.05,11.94,0.05,12.02,0.05,12.57,0.10,12.50,0.10,12.79,0.10,12.88,0.10,11.75,0.10,10.55,0.10,10.61,0.10,0.00,0.00, 9.31,0.10, 9.50,0.10,0.00,0.00, 9.25,0.10
CGCG 453-062   ,19.43,0.10,0.00,0.00,0.00,0.00,18.31,0.10,0.00,0.00,0.00,0.00,16.03,0.05,14.41,0.05,0.00,0.00,13.58,0.05,13.17,0.05,12.90,0.05,12.46,0.05,12.20,0.05,12.31,0.05,12.90,0.10,12.81,0.10,13.12,0.10,13.25,0.10,12.02,0.10,10.86,0.10,11.04,0.10,10.97,0.10, 9.98,0.10,10.21,0.10,0.00,0.00, 9.86,0.10
IC 5298        ,18.87,0.10,0.00,0.00,0.00,0.00,17.95,0.10,0.00,0.00,0.00,0.00,16.15,0.05,14.66,0.05,0.00,0.00,13.87,0.05,13.45,0.05,13.15,0.05,12.69,0.05,12.36,0.05,12.38,0.05,12.95,0.10,12.71,0.10,12.36,0.10,12.46,0.10,11.72,0.10,10.83,0.10,10.44,0.10,0.00,0.00, 8.68,0.10, 8.88,0.10,0.00,0.00, 8.55,0.10
NGC 7585       ,18.72,0.18,0.00,0.00,0.00,0.00,17.04,0.10,0.00,0.00,0.00,0.00,13.89,0.05,12.16,0.05,0.00,0.00,11.39,0.05,10.98,0.05,10.73,0.05,10.30,0.05,10.10,0.05,10.31,0.05,11.09,0.10,0.00,0.00,0.00,0.00,11.77,0.10,0.00,0.00,0.00,0.00,12.76,0.10,0.00,0.00,13.29,0.10,13.35,0.10,0.00,0.00,0.00,0.00,
NGC 7591       ,17.72,0.10,0.00,0.00,0.00,0.00,16.90,0.10,0.00,0.00,0.00,0.00,15.06,0.10,13.71,0.15,0.00,0.00,12.85,0.07,12.47,0.11,12.11,0.06,11.62,0.05,11.33,0.06,11.42,0.06,12.05,0.10,12.02,0.10,12.38,0.10,12.48,0.10,11.41,0.10,10.29,0.10,10.36,0.10,0.00,0.00, 9.29,0.10, 9.46,0.10,0.00,0.00, 9.27,0.10
NGC 7592       ,15.87,0.10,0.00,0.00,0.00,0.00,15.52,0.10,0.00,0.00,0.00,0.00,14.63,0.05,13.74,0.05,0.00,0.00,13.21,0.05,12.92,0.05,12.70,0.05,12.28,0.05,12.05,0.05,12.14,0.05,12.53,0.10,12.40,0.10,12.46,0.10,12.62,0.10,11.42,0.10,10.32,0.10,10.37,0.10,0.00,0.00, 9.13,0.10, 9.31,0.10,0.00,0.00, 9.06,0.10
NGC 7673       ,14.87,0.10,0.00,0.00,0.00,0.00,14.54,0.10,0.00,0.00,0.00,0.00,13.77,0.05,13.08,0.05,0.00,0.00,12.74,0.05,12.62,0.05,12.48,0.05,12.36,0.05,12.24,0.05,12.47,0.05,12.90,0.10,0.00,0.00,0.00,0.00,13.32,0.10,0.00,0.00,0.00,0.00,11.07,0.10,10.91,0.10, 9.82,0.10, 9.99,0.10,0.00,0.00,0.00,0.00,
NGC 7674       ,16.31,0.10,15.95,0.10,16.00,0.10,15.88,0.10,15.56,0.10,0.00,0.00,14.67,0.05,13.51,0.05,0.00,0.00,12.95,0.05,12.61,0.05,12.39,0.05,11.98,0.05,11.76,0.05,11.75,0.05,11.63,0.10,11.72,0.10,11.54,0.10,11.32,0.10,10.66,0.10,10.03,0.10, 9.59,0.10,0.00,0.00, 8.44,0.10, 8.56,0.10,0.00,0.00, 8.42,0.10
NGC 7679       ,15.95,0.10,0.00,0.00,0.00,0.00,15.29,0.10,0.00,0.00,0.00,0.00,14.08,0.05,13.09,0.05,0.00,0.00,12.60,0.05,12.39,0.05,12.18,0.05,11.90,0.05,11.73,0.05,11.90,0.05,12.20,0.10,12.20,0.10,12.45,0.10,12.50,0.10,11.06,0.10, 9.92,0.10,10.01,0.10,0.00,0.00, 9.05,0.10, 9.22,0.10,0.00,0.00, 9.03,0.10
Mrk 0930       ,16.97,0.10,0.00,0.00,0.00,0.00,16.62,0.10,0.00,0.00,0.00,0.00,15.83,0.05,15.21,0.05,0.00,0.00,15.11,0.05,15.20,0.05,15.05,0.05,14.84,0.08,15.09,0.20,15.18,0.24,15.55,0.10,15.42,0.10,15.52,0.10,15.74,0.10,14.90,0.10,13.98,0.10,13.05,0.10,0.00,0.00,10.73,0.10,10.90,0.10,11.05,0.10,10.80,0.10
NGC 7714       ,14.70,0.10,0.00,0.00,0.00,0.00,14.36,0.10,0.00,0.00,0.00,0.00,13.46,0.05,12.74,0.05,0.00,0.00,12.23,0.05,12.07,0.05,11.85,0.05,11.61,0.05,11.39,0.05,11.58,0.05,12.06,0.10,12.03,0.10,12.35,0.10,12.44,0.10,11.23,0.10,10.15,0.10, 9.81,0.10,0.00,0.00, 8.08,0.10, 8.24,0.10,0.00,0.00, 8.01,0.10
NGC 7771       ,16.93,0.10,0.00,0.00,0.00,0.00,16.11,0.10,0.00,0.00,0.00,0.00,14.10,0.05,12.61,0.05,0.00,0.00,11.78,0.05,11.32,0.05,10.96,0.05,10.44,0.05,10.14,0.05,10.26,0.05,10.88,0.10,10.86,0.10,11.23,0.10,11.35,0.10,10.36,0.10, 9.36,0.10, 9.47,0.10,0.00,0.00, 8.58,0.10, 8.75,0.10,0.00,0.00, 8.56,0.10
Mrk 0331       ,19.32,0.10,18.18,0.10,18.15,0.10,17.88,0.10,17.18,0.10,0.00,0.00,15.66,0.05,14.19,0.05,0.00,0.00,13.32,0.05,12.89,0.05,12.58,0.05,12.02,0.05,11.78,0.05,11.77,0.05,12.22,0.10,12.15,0.10,12.40,0.10,12.43,0.10,11.06,0.10, 9.81,0.10, 9.86,0.10,0.00,0.00, 8.25,0.10, 8.45,0.10,0.00,0.00, 8.16,0.10
